"GF125DAXJ33,100000,Cupón Go Five! - GF125DAXJ33",GF125DAXJ33,100000
"GF126EBXJ41,100000,Cupón Go Five! - GF126EBXJ41",GF126EBXJ41,100000
"GF127FCXJ66,100000,Cupón Go Five! - GF127FCXJ66",GF127FCXJ66,100000
"GF128DDXJ74,100000,Cupón Go Five! - GF128DDXJ74",GF128DDXJ74,100000
"GF129EEXJ72,100000,Cupón Go Five! - GF129EEXJ72",GF129EEXJ72,100000
"GF130FFXJ83,100000,Cupón Go Five! - GF130FFXJ83",GF130FFXJ83,100000
"GF131DGXJ59,100000,Cupón Go Five! - GF131DGXJ59",GF131DGXJ59,100000
"GF132EHXJ17,100000,Cupón Go Five! - GF132EHXJ17",GF132EHXJ17,100000
"GF133FIXJ31,100000,Cupón Go Five! - GF133FIXJ31",GF133FIXJ31,100000
"GF134DJXJ50,100000,Cupón Go Five! - GF134DJXJ50",GF134DJXJ50,100000
"GF135EKXJ76,100000,Cupón Go Five! - GF135EKXJ76",GF135EKXJ76,100000
"GF136FLXJ27,100000,Cupón Go Five! - GF136FLXJ27",GF136FLXJ27,100000
"GF137DMXJ37,100000,Cupón Go Five! - GF137DMXJ37",GF137DMXJ37,100000
"GF138ENXJ93,100000,Cupón Go Five! - GF138ENXJ93",GF138ENXJ93,100000
"GF139FOXJ53,100000,Cupón Go Five! - GF139FOXJ53",GF139FOXJ53,100000
"GF140DPXJ44,100000,Cupón Go Five! - GF140DPXJ44",GF140DPXJ44,100000
"GF141EQXJ76,100000,Cupón Go Five! - GF141EQXJ76",GF141EQXJ76,100000
"GF142FRXJ72,100000,Cupón Go Five! - GF142FRXJ72",GF142FRXJ72,100000
"GF143DSXJ17,100000,Cupón Go Five! - GF143DSXJ17",GF143DSXJ17,100000
"GF144ETXJ28,100000,Cupón Go Five! - GF144ETXJ28",GF144ETXJ28,100000
"GF145FUXJ30,100000,Cupón Go Five! - GF145FUXJ30",GF145FUXJ30,100000
"GF146DVXJ33,100000,Cupón Go Five! - GF146DVXJ33",GF146DVXJ33,100000
"GF147EWXJ57,100000,Cupón Go Five! - GF147EWXJ57",GF147EWXJ57,100000
"GF148FXXJ78,100000,Cupón Go Five! - GF148FXXJ78",GF148FXXJ78,100000
"GF149DYXJ61,100000,Cupón Go Five! - GF149DYXJ61",GF149DYXJ61,100000
"GF150EZXJ78,100000,Cupón Go Five! - GF150EZXJ78",GF150EZXJ78,100000
"GF151FAXJ29,100000,Cupón Go Five! - GF151FAXJ29",GF151FAXJ29,100000
"GF152DBXJ17,100000,Cupón Go Five! - GF152DBXJ17",GF152DBXJ17,100000
"GF153ECXJ70,100000,Cupón Go Five! - GF153ECXJ70",GF153ECXJ70,100000
"GF154FDXJ22,100000,Cupón Go Five! - GF154FDXJ22",GF154FDXJ22,100000
"GF155DEXJ52,100000,Cupón Go Five! - GF155DEXJ52",GF155DEXJ52,100000
"GF156EFXJ31,100000,Cupón Go Five! - GF156EFXJ31",GF156EFXJ31,100000
"GF157FGXJ82,100000,Cupón Go Five! - GF157FGXJ82",GF157FGXJ82,100000
"GF158DHXJ62,100000,Cupón Go Five! - GF158DHXJ62",GF158DHXJ62,100000
"GF159EIXJ63,100000,Cupón Go Five! - GF159EIXJ63",GF159EIXJ63,100000
"GF160FJXJ50,100000,Cupón Go Five! - GF160FJXJ50",GF160FJXJ50,100000
"GF161DKXJ50,100000,Cupón Go Five! - GF161DKXJ50",GF161DKXJ50,100000
"GF162ELXJ58,100000,Cupón Go Five! - GF162ELXJ58",GF162ELXJ58,100000
"GF163FMXJ82,100000,Cupón Go Five! - GF163FMXJ82",GF163FMXJ82,100000
"GF164DNXJ60,100000,Cupón Go Five! - GF164DNXJ60",GF164DNXJ60,100000
"GF165EOXJ65,100000,Cupón Go Five! - GF165EOXJ65",GF165EOXJ65,100000
"GF166FPXJ54,100000,Cupón Go Five! - GF166FPXJ54",GF166FPXJ54,100000
"GF167DQXJ53,100000,Cupón Go Five! - GF167DQXJ53",GF167DQXJ53,100000
"GF168ERXJ32,100000,Cupón Go Five! - GF168ERXJ32",GF168ERXJ32,100000
"GF169FSXJ87,100000,Cupón Go Five! - GF169FSXJ87",GF169FSXJ87,100000
"GF170DTXJ52,100000,Cupón Go Five! - GF170DTXJ52",GF170DTXJ52,100000
"GF171EUXJ66,100000,Cupón Go Five! - GF171EUXJ66",GF171EUXJ66,100000
"GF172FVXJ13,100000,Cupón Go Five! - GF172FVXJ13",GF172FVXJ13,100000
"GF173DWXJ92,100000,Cupón Go Five! - GF173DWXJ92",GF173DWXJ92,100000
"GF174EXXJ18,100000,Cupón Go Five! - GF174EXXJ18",GF174EXXJ18,100000